<template name="addingFolders" xmlns="http://ws.apache.org/ns/synapse">
    <!-- Required parameters -->
    <parameter name="name" description=" A text string up to 32 characters" />
    <parameter name="accessToken" description="Token to access backend services."/>
    <sequence>
        <property name="uri.var.name" expression="$func:name" />
        <property name="uri.var.accessToken" expression="$func:accessToken" />


        <header name="contentType" value="application/x-www-form-urlencoded" scope="transport" />
        <property name="messageType" value="application/x-www-form-urlencoded" scope="axis2" />

        <payloadFactory media-type="xml">
            <format>
                <xform>
                    <name>$1</name>
                    <access_token>$2</access_token>
                </xform>

            </format>
            <args>
                <arg expression="$func:name" />
                <arg expression="$func:accessToken" />
            </args>
        </payloadFactory>

        <call>
            <endpoint>
                <http method="post" uri-template="http://api.toodledo.com/3/folders/add.php" />
            </endpoint>
        </call>
    </sequence>
</template>